review_id,user_id,business_id,stars,text,date,useful,richness_score
-TDAxzdIkWxxqiVgW9Xf1A,--2vR0DIsmQ6WfcSzKWigw,Jw-ENQw-OGGwpM3nA3ywqw,2.0,"Mit unseren British Airways Prämienpunkten konnten wir 3 Nächte im Best Western Plus Philadelphia Airport buchen. Das Hotel befindet sich in Chester und ist ca. 30 Minuten vom Philadelphia Zentrum entfernt.

Es liegt in der Nähe der Widener University in einer nicht so gepflegten Umgebung. Der Parkplatz liegt abseits vom Hotel und ist durch einen Durchgang zu erreichen. Im Gebäudekomplex befindet sich noch ein 7 Eleven, wo man sich mit dem nötigsten versorgen kann.

Der Empfang war sehr freundlich und der Check Inn war problemlos. Das Hotel machte einen gepflegten Eindruck und unser Zimmer war groß und sauber. Das kostenfreie WLAN funktionierte flott.

Bei unserer Ankunft war der Zimmersafe verschlossen. Wir hatten dann bei der Rezeption um Hilfe gebeten, die uns auch in kurzer Zeit versprochen wurde. Nachdem nach über einer halben Stunde keiner kam, haben wir selbst alle gängigen Kombinationen durchprobiert und konnten mit 2580 den Safe selbst öffnen.

Als wir am nächsten Tag aus der Stadt zurückkehrten war das Zimmer und unsere Betten nicht gemacht. Auf einem Zettel stand, dass unsere ""personal belongings"" angeblich im Weg waren. Auch das Bad wurde nicht gesäubert und die Handtücher wurden nicht gewechselt.

Das Frühstück war durchschnittlich und für ein Best Western enttäuschend. Für Fluggäste wird auch ein Shuttle zum Flughafen angeboten.

Ein sicherlich schönes Best Western mit gewissen Schwächen im Service.",2014-07-26 11:51:32,72,211.60779311955167
pVBwSCJDW59uf4OIz-dO7g,--2vR0DIsmQ6WfcSzKWigw,iqJ3t9iq0fsWaYL93s8Vmw,5.0,"Als wir in Philadelphia waren, haben wir auch noch einen Ausflug zur King of Prussia Mall unternommen. Angeblich das zweitgrößteEinkaufszentrum der USA, das sich im gleichnamigen Vorort King of Prussia, nordwestlich von Philadelphia in Pennsylvania befindet. Die King of Prussia Mall ist in zwei Teile aufgeteilt, der ""Plaza at King of Prussia"" und dem ""Court at King of Prussia"".

Neben den üblichen Geschäften, die man in jedem Einkaufszentrum der USA finden kann, sind hier auch noch höherpreisige Shops von Armani, Versace, Tiffany & Co., Cartier, Hermès und Louis Vuitton. Darüber hinaus sind noch die Kaufhäuser Bloomingdale's, Lord & Taylor, Neiman Marcus, Nordstrom, J. C. Penney, Macy's, Sears und Strawbridge's vertreten.

Im Einkaufszentrum findet man über 400 Geschäfte und Restaurants. Alles wirkt sehr gepflegt und wertig. Der Foodcourt lässt keine Wünsche offen. Während des Einkaufs kann man das kostenlose WLAN nutzen, das gut funktionierte.

Man muss allerdings sehr viel Zeit einplanen, um alle Geschäfte zu besuchen. Wir haben uns hauptsächlich auf die Lieblingsmarken unserer Kinder, Hollister, Abercrombie & Fitch konzentriert. Die Angebote in den Läden waren ordentlich, aber mit den Preisen in den Outlets nicht vergleichbar.

Ein wirklich schönes Einkaufszentrum, das von der Größe wirklich beeindruckt.",2014-07-28 10:49:48,68,211.60779311955167
c_DRiA8CPghSk8PR96K2Kg,--2vR0DIsmQ6WfcSzKWigw,krCwF4raTYvBcCEwcbA88Q,4.0,"Nach einem verunglückten Besuch der Germantown, haben wir den restlichen Nachmittag für einen Ausflug zur Franklin Mills Mall genutzt. Die Outlet Mall befindet sich im Nordosten von Philadelphia , Pennsylvania , an der Grenze von Bensalem in Bucks County.

Hier findet man 200 Ladengeschäfte, 2 Foodcourts, 7 Themenrestaurants und ein Kino. In der Mall befinden sich normale Geschäfte und auch Factory Stores. Unter anderem gibt es dort unter anderem den Tommy Hilfiger Company Store, Polo Ralph Lauren Factory Store, Levi's Outlet Store und für meine Mädels einen Victoria's Secret.

In der Mall wurde ein kostenloses WLAN angeboten, das aber nur leidlich funktionierte. Die Mall ist wirklich gigantisch groß, daher wurden die Geschäfte in 4 Neighborhoods eingeteilt, die auf dem Plan in verschiedenen Farben gekennzeichnet wurden.

Die Mall ist vollkommen geschlossen und machte einen sehr gepflegten Eindruck. Auf Kleidung zahlt man in Pennsylvania keine TAX. Sicherlich ein lohnendes Shoppingziel, wenn man mal in der Nähe ist.",2014-07-29 11:10:14,67,211.60779311955167
yUF1T08DTuAxt_J24pGr0g,--2vR0DIsmQ6WfcSzKWigw,6yR6piTIuUG_9P_ctivxKw,5.0,"In das Macy´s in Philadelphia sind wir nur durch einen Zufall reingegangen, da wir nach einer ausgiebigen Besichtigungstour bei drückender Nachmittagshitze ein wenig Abkühlung brauchten. Das Gebäude in der Market Street wirkt von außen wirklich beeindruckend und auch von innen wird man nicht enttäuscht.

Im Eingangsbereich fühlt es sich noch fast wie ein ganz normales Kaufhaus an. Aber auch hier fallen schon die tollen Stuckdecken, die mächtigen Säulen auf und man hat eher das Gefühl in einem Florentiner Palast zu sein. Das Gebäude ist das ehemalige Wanamakers Kaufhaus, das von Macy´s in 1995 übernommen wurde und ist wirklich ein architektonisches Meisterwerk..

Wenn man dann weiter in das Innere des Kaufhauses vordringt stößt man auf den Grand Court, der seinen Namen aufgrund der Größe zu Recht trägt. Einfach nur überwältigend und wir haben erstmal die Köpfe nach oben kreisen lassen. Irgendwie eine Mischung aus Opernhaus und Kirche, denn an einer Wand ist die riesige Wanamakers Pfeifenorgel angebracht. 

Der Grand Court soll auch über eine einzigartige Akustik verfügen. Jährlich findet hier die Macys Weihnachts Light Show statt, ein einzigartiges Licht- und Tonspektakel. Untermalt wird das ganze mit einer festlichen Beleuchtung des Grand Court und einem festlich geschmückten Weihnachtsbaum.

In der Mitte des Grand Court befindet sich dann auch noch der riesige Wanamaker Eagle. Die Bronzestatue soll 2.500 Pfund wiegen und wurde wie die Orgel 1904 von der St. Louis Weltausstellung erworben. Der Adler ist natürlich ein sehr begehrtes Fotoobjekt und fast jeder Tourist lässt sich mit ihm ablichten.

Eingekauft haben wir nichts, da wir nur Blicke für die einzigartige Architektur hatten. Ein wirklich sehenswertes Gebäude.",2014-11-07 09:49:15,76,211.60779311955167
-wGzE2pTOZY5SGsEewobaw,--2vR0DIsmQ6WfcSzKWigw,IBIp-yVFl2PxYS-rgc19Yg,5.0,"Wer Philadelphia besucht, um Amerikas historisch bedeutsamste Quadratmeile zu besuchen, sollte sich vorher im Visitor Center mit Informationsmaterial versorgen. Das Independence Visitor Center befindet sich in der 599 Market Street.

Das Center ist nur wenige Schritte von einigen der beliebtesten Attraktionen von Philadelphia entfernt, wie z.B. das Liberty Bell Center und der Independence Hall. Von außen sieht das Gebäude sehr modern aus und von innen ist es sehr hell und freundlich gestaltet.

Neben der kostenlosen Nutzung des WLAN gibt es hier auch einen Souvenirshop mit allerlei verschiedenen Nippes. Darüber hinaus kann man hier Tickets für über 60 Attraktionen und Touren buchen. Im Gebäude finden in den Räumlichkeiten und in der Lobby verschiedene Veranstaltungen statt.

In der Halle waren mehrere in alten Kostümen gekleidete Mitarbeiter des Visitor Centers, die mit den Kindern bastelten oder Fragen zur Geschichte der USA beantworteten. Im mittleren Bereich konnte man sich mit Snacks und Getränken versorgen, die man in der Cafeteria verzehren konnte.

Wir hatten hier zur Vorbereitung einen kleinen historischen Film geschaut und die sauberen Toiletten genutzt. Bewaffnet mit einer Umgebungskarte haben wir uns dann wieder auf den Weg gemacht. Ein wirklich schönes Besucherzentrum, das man uneingeschränkt empfehlen kann.",2015-02-02 05:25:46,107,211.60779311955167
COYGpgvfIxgpXS63KgnynA,--2vR0DIsmQ6WfcSzKWigw,kbEVlzQLcYS3JSQPG9QMOQ,4.0,"Wer sich im Independence Visitor Center mit Informationen versorgt hat braucht nur einmal über die Market Street und kann die erste Sehenswürdigkeit, das Liberty Bell Center besichtigen. Die Liberty Bell zählt mit der Independence Hall zum Weltkulturerbe der UNESCO. Eine Replik der Liberty Bell befindet sich im Liberty Bell Garden in Jerusalem.

Die Glocke wurde damals geläutet, als am 8. Juli 1776 die Amerikanische Unabhängigkeitserklärung auf dem Independence Square in Philadelphia verlesen wurde. Auf der Glocke befindet sich die Inschrift: ""Proclaim Liberty throughout all the land unto all the inhabitants thereof"" u
nd ist ein wichtiges amerikanisches Symbol für Freiheit und Demokratie.
Die Glocke wurde 1753 in der heutigen Independence Hall aufgehängt. Die Geschichte rund um die Glocke ist nicht eindeutig belegt sowie auch der Riss in der Glocke entstanden ist. Angeblich soll die Glocke im Jahr 1846 zum Geburtstag von George Washington zum letzten Mal geläutet haben, was aber wie viele andere Geschichten rund um die Glocke nicht belegbar ist.

Die Glocke kann man im Liberty Bell Pavillon besichtigen. Leider war die Schlange so groß, dass wir uns aus Zeitgründen mit einem Blick durch das Fenster begnügten. Die Geschichte der Glocke kann man im Gebäude in mehreren Sprachen (z.B. deutsch) nachlesen. 

Der Eintritt in den Pavillon ist frei. Die Sehenswürdigkeit gehört zum Independence National Historical Park von Philadelphia. Ein lohnenswertes Ziel bei einem Besuch in Philadelphia.",2015-02-03 05:22:36,110,211.60779311955167
-xOAGPLQ6hQI5jcUz9-2bw,--2vR0DIsmQ6WfcSzKWigw,nk7fI9Vj7L-kKdXOB7cKIw,5.0,"Auf unserem Spaziergang durch das historische Philadelphia haben wir auch das Irish Memorial gestreift. Es befindet sich nur unweit vom Delaware River und von Penns Landing über der I95 in einem Park.

Das Denkmal ist etwa 12 Meter hoch, 30 Meter lang und 12 Meter breit und befindet sich auf einem gewaltigen Granitsockel. Die 35 lebensgroßen Skulpturen sollen den Hunger und das Leid in Irland darstellen. Am östlichen unteren Ende des Memorials wird das harte Leben und die Armut in Irland gezeigt. Von der anderen Seite erkennt man ein Schiff mit Kurs auf Amerika.

Folgende Inschrift von Peter Qinn kann man lesen:

The hunger ended but it never went away. It was there in silent memories from one generation to the next.

The time to take away the silence has come, to commemorate, to mourne what was lost, to celebrate what survives - without apology or fear.

We have it in our power not only to remember what took place but to relive it ... To find in the hungry and lost, not a different race ... but the faces of our ancestors ... An image of ourselves.

Zum 150 Jahrestag der großen Hungersnot in Irland wurde dieses Denkmal von Glenna Goodacre erschaffen. Mehr als 1 Million Iren sind damals gestorben. Aber auch an die vielen Toten, die auf verseuchten Schiffen gestorben sind, soll hier gedacht werden.

Auf vielen Schautafeln kann man die Geschichte rund um die historische Hungerkatastrophe nachlesen. Ein wirklich sehenswertes Denkmal.",2015-02-05 05:09:37,107,211.60779311955167
c2GD0bJNCy9K7-bOFa3V0g,--2vR0DIsmQ6WfcSzKWigw,3woevNT4gDDZWTFf94qlCg,4.0,"Eine beliebte Sehenswürdigkeit in Philadelphia ist eine kleine Gasse aus dem Jahre 1702. Die Elfreths Alley als älteste Wohnstraße der  Nation hat Dank der Denkmalpflege seit 2012 insgesamt 32 restaurierte Häuser die ursprünglich zwischen 1728 und 1836 gebaut wurden.

Die Gasse wird als ""National Historic Landmark"" geführt und ist zwischen North 2nd Street und North Front Street zu finden. Die Straße ist nach dem damals im 18. Jahrhundert dort lebenden Schmied Jeremiah Elfreth benannt. Die Bewohner der Gasse waren hauptsächlich Handwerker und arbeiteten als Schiffbauer , Silber- und Zinnschmiede , Glasbläser und Möbelbauer.

Zwischenzeitlich gab es im späten 19. und frühen 20. Jahrhundert hier im Rahmen der Industrialisierung eine Ofenfabrik. Zu dieser Zeit bestand die Bevölkerung hier hauptsächlich aus Iren. Die im Jahr 1934 gegründete Elfreths Alley Association (EAA) hat danach mit erfolgreicher Lobbyarbeit für den Erhalt der Straße gekämpft.

Die Häuser in Verbindung mit dem Kopfsteinpflaster sind wirklich hübsch anzusehen. Am ersten Wochenende im Juni und Dezember sind einige der Gebäude öffentlich zugänglich. In den Häuser Nr. 124 und Nr. 126 kann das Elfreth's Alley Museum besichtigt werden. Hier kann man auch eine geführte Tour durch die historische Gasse buchen.

Eine sehr nette Sehenswürdigkeit in Philadelphia, die in keinem Besichtigungsprogramm fehlen darf.",2015-02-06 05:20:03,107,211.60779311955167
20yV8ZHsPYudjYNfQOhAHg,--2vR0DIsmQ6WfcSzKWigw,Q2PsfIw2sPKNlkR-0sQBpw,4.0,"Eines der meistbesuchten touristischen Ziele in Philadelphia ist sicherlich das Betsy Ross House. Hier lebte die bekannteste Näherin der Vereinigten Staaten.

Nach einer Legende soll Betsy Ross mit ihren Kindern die erste Flagge der USA genäht und diese George Washington präsentiert haben. Die erste Flagge der USA hatte 13 Sterne und 13 Streifen, die jeweils eine der 13 Kolonien darstellte. Keiner kann aber wirklich nachweislich sagen, ob sich die Geschichte auch wirklich so zugetragen hat.

Betsy wurde als achtes von siebzehn Kindern der Quäkerfamilie Samuel und Rebecca geboren. Ihre sterblichen Überreste sollen sich auf dem Hof des Betsy-Ross-House im Schatten der großen Ulme befinden.

Man hat hier die Möglichkeit, das im Jahre 1740 gebaute Haus von Betsy Ross, mit seinen vielen kleinen Zimmern und engen Treppen zu besichtigen. Man bekommt hier einen guten Einblick in das frühere Leben. Darüber hinaus gibt es noch einen kleinen Souveniershop und man kleinere Snacks und Getränke kaufen. Im kleinen Innenhof finden auch häufig Veranstaltungen statt.

Der Eintritt beträgt für Erwachsene 5$ und für Kinder 4$, sowie 2$ für die optionale Audio-Tour. Das Betsy Ross House hat von April bis November täglich geöffnet. In den übrigen Monaten sind die Besichtigungszeiten eingeschränkt. Ein wirklich netter historischer Ort.",2015-02-07 05:54:24,97,211.60779311955167
q6Gut2veGoApGM--vUXiOw,--2vR0DIsmQ6WfcSzKWigw,6RUY3l7pQKk1HhM3uwGQSA,4.0,"Aufgrund der günstigen Parkplätze sind wir auch in der Philadelphia Chinatown (费城华埠) gelandet. Diese wird, wie viele andere Chinatowns in amerikanischen Großstädten, vorwiegend von Asiaten bewohnt.

Die Chinatown erstreckt sich über das Gebiet von der Vine Street im Norden bis zur Arch Street im Süden und von der North Franklin Street und North 17th Street im Osten bis zur Nord Broad Street im Westen. Entstanden ist sie in der Mitte des 19. Jahrhunderts als kantonesische Einwanderer in Philadelphia Wäschereien und Restaurants gründeten. In jüngeren Jahren kamen andere Immigranten aus ostasiatischen Ländern wie Korea , Thailand und Vietnam hinzu.

Die imposanteste Sehenswürdigkeit ist die 40 Meter hohe Chinatown Friendship Gate das als Symbol für den kulturellen Austausch und die Freundschaft zwischen Philadelphia und seiner chinesischen Partnerstadt Tianjin gebaut wurde. Das Tor wurde am 31. Januar 1984 eingeweiht.

In der Chinatown kann man eine große Anzahl von Restaurants mit ostasiatischer, kantonesischer, taiwanesischer, birmanischer, japanischer, koreanischer und vietnamesischer Küche finden und ein Dutzend verschiedener Hong Kong-Style Bäckereien.

Ansonsten fand ich die Philadelphia Chinatown nicht so interessant. Als Ausgangspunkt zur Besichtigung der Stadt fand ich es dort aber ideal, denn man ist relativ rasch fußläufig in der Market Street. Wer früh morgens dran ist, wird bei vielen Parkplätzen in der Chinatown mit einem Early Bird Angebot belohnt.",2015-02-08 06:09:21,100,211.60779311955167
BCFTR4R5oKAJL949CHnnkA,--2vR0DIsmQ6WfcSzKWigw,YHau-ky1o9hm1jare21Syw,5.0,"Im Altstadtviertel von Philadelphia zwischen Markt und Arch Street befindet sich die Christ Church. Sie ist die erste Episkopalkirche in den Vereinigten Staaten und wurde 1695 gegründet. Mehr als ein Viertel aller Präsidenten der USA waren Mitglieder der Episkopalkirche.

Zunächst befand sich auf dem Gelände eine kleine Holzkirche. Die neue Kirche wurde dann zwischen 1727 und 1744 gebaut und der 60 Meter hohe Turm wurde 1754 hinzugefügt. Zu dieser Zeit war die Kirche das höchste Gebäude in Nordamerika und ein tolles Beispiel für die georgianische Architektur.

Die Kirche verfügt über eine symmetrische, klassische Fassade mit Rundbogenfenstern und einem einfachen, aber elegant wirkenden Interieur mit kannelierten Säulen und Holzbänken. Das Taufbecken, in dem William Penn damals getauft wurde, ist noch heute im Einsatz.

Im angrenzenden Friedhof haben viele bedeutende Persönlichkeiten ihre letzte Ruhe gefunden. Im nahe gelegenen Christ Church Burial Ground sind Benjamin Franklin und fünf Unterzeichner der Unabhängigkeitserklärung der Vereinigten Staaten begraben.

Die Christ Church wird als National Historic Landmark geführt und ist eine einzigartige historische Stätte. Mehr als 250.000 Touristen besuchen die Kirche jedes Jahr. Ein wirklich lohnenswertes Besichtigungsziel.",2015-02-09 06:46:30,99,211.60779311955167
0kyYErBs4vLbm0YLCJuXlA,--2vR0DIsmQ6WfcSzKWigw,SSo_kSAbaLtOMhSa2jneXw,4.0,"Auf unserem Wege durch die historische Altstadt von Philadelphia sind wir auf das Arch Street Meeting House gestoßen. Es ist ein Haus der Begegnung der religiösen Gemeinschaft und für die Freunde der Quäker.

Auf dem Grundstück, auf dem das Gemeindehaus gebaut wurde, befand sich der erste Friedhof der Quäker in Philadelphia. Hier fanden Beerdigungen bereits seit dem Jahre 1683 statt. Der Ostflügel und das Zentrum des Gemeindehauses wurden zwischen 1803 und 1805 nach einem Entwurf von Owen Biddle, Jr. erbaut. Das Gebäude wurde von 1810 bis 1811 nochmals erweitert,

Von außen sieht das Gebäude recht unscheinbar aus und nur durch die Schilder sind wir aufmerksam geworden. Beim Betreten des Gebäudes wurden wir sehr freundlich von einer Dame begrüßt, die uns mit hilfreichen Informationen versorgt hat. Danach konnten wir sehr entspannt die öffentlich zugänglichen Räume und die kleine Ausstellung besichtigen.

Genauso einfach wie von draußen wirkt auch das Innere des Gebäudes. Ein Beispiel für die Einfachheit und Schlichtheit der Quäker ist der Saal, in dem die Gottesdienste stattfinden. Irgendwie sympathisch, dass man hier auf jeglichen Prunk verzichtet hat.

Das Arch Street Meeting House ist auch im US National Register of Historic Places verzeichnet und als US National Historic Landmark aufgenommen. Sicherlich ein schöner Anlass sich mit der Geschichte der Quäker zu beschäftigen.",2015-02-12 05:14:49,108,211.60779311955167
IaPHgpzRQWShU3dC_wU9Xw,--2vR0DIsmQ6WfcSzKWigw,2Z0Clt72JFouB0qkMC2mig,5.0,"Ein wirklich sehenswerter Garten ist sicherlich der 18th Century Garden auf der Nordseite der Walnut Street zwischen 3. und 4. Street. Er ist Bestandteil des Independence National Historical Park.

Dieser Garten ist ein gutes Beispiel für den europäischen geometrischen Gartenstil und erinnert an einen aus dem 18. Jahrhundert stammenden formalen englischen Garten. Die dort gepflanzten Bäume Sträucher und Blumen sind von der Art, wie sie auch im 18. Jahrhundert verwendet wurden.

Der Garten ist in drei Teile aufgeteilt, einem Obstgarten, einem formalen Garten und einem Bereich für Kräuter und Gemüse. Der formale Garten ist mit Blumen der Saison gestaltet und einer Reihe von kleinen Obstbäumen.

Die Laubengänge mit den Weinpflanzen sind sehr schön anzusehen. Wir hatten es uns im Schatten der Pergola für ein Päuschen bequem gemacht, um diesen kleinen schönen Garten auf uns wirken zu lassen. 

Der 18th Century Garden liegt neben dem Todd House und südlich von der Carpenters Hall. Der Eintritt ist frei. Ein wirklich schöner und bemerkenswerter kleiner Garten.",2015-02-13 05:13:26,119,211.60779311955167
S5-N1Zd7ch2Vow59QWwfnw,--2vR0DIsmQ6WfcSzKWigw,Mkr1Bm0SFo51L5-swly0bw,5.0,"Auf unserem Weg durch die Altstadt von Philadelphia sind wir auf einen kleinen Park mit einer ungewöhnlichen Statue gestoßen. Es ist die sogenannte Signer Statue.

Die Statue ist all denen gewidmet, die ihr Leben für die amerikanische Freiheit eingesetzt haben. In seiner Hand hält der Signer die Gründungsurkunde in den Himmel. Die Inspiration zu dieser Statue hat George Clymer gegeben, der Unterzeichner sowohl der Unabhängigkeitserklärung und der Verfassung der Vereinigten Staaten war.

Während viele Statuen eher langweilig und staatsmännisch wirken, vermittelt dieses Kunstwerk eine gewisse Energie. Die Statue ist 9-1 / 2 Meter hoch, aus Bronze und steht auf einem 6-Fuß Granitsockel.

Zu finden ist das Kunstwerk an der Ecke der 5. und Chestnut Sreet im Signers Garden.",2015-02-14 06:26:02,110,211.60779311955167
NZmoh-ZvUCL9Pbn8nnTcvw,--2vR0DIsmQ6WfcSzKWigw,tYJBFNJckCFiflhRLJnLjw,5.0,"An der Chestnut Street kann man eine weitere Attraktion des Independence National Historical Park im Zentrum von Philadelphia finden. Die Old City Hall, die sich neben der Independence Hall und gegenüber vom Liberty Bell Center befindet.

Das Gebäude wurde von 1790 bis 1791 vom Architekten David Evans, Jr. gebaut. Es war ursprünglich als Rathaus geplant, diente aber bis zum Jahre 1800 als Heimat für den Obersten Gerichtshof (Supreme Court) der USA. Von 1790 bis 1800 war Philadelphia die Hauptstadt der Vereinigten Staaten. Anschließend wurde es bis zum Jahre 1854 als Rathaus genutzt.

Im Inneren kann man einen Blick in den historischen Gerichtssaal werfen, der sehr gut erhalten ist. Das erhöhte Richterpodest, der Zeugenstand, die Zuschauerbänke, die Gerichtsschreiber und alle anderen Möbel sind vorhanden.

In der Lobby gibt es noch einen Souvenirshop, wo man noch eine Miniatur der Liberty Bell erstehen kann. An der Wand ein Satz von Alexis de Tocqueville: ""I am unaware that any Nation of the globe has hitherto organized a judicial power in the same manner as the American"".

Das Gebude kann täglich von 09.00 - 17.00 Uhr besichtigt werden. Der Eintritt ist frei.",2015-02-16 05:02:32,114,211.60779311955167
QeQ_7auUrIA7ACm9Pvt3qQ,--2vR0DIsmQ6WfcSzKWigw,Ib9HV7ekw459jM1Ksdiyiw,5.0,"Eine der wichtigsten Sehenswürdigkeiten in Philadelphia ist sicherlich die Independence Hall, dem Ort der Unabhängigkeitserklärung. Sie ziert auch die Rückseite des 100-Dollar-Scheins.

Wir hatten uns gleich morgens Karten für die Führung besorgt. Zur Besichtigung muss man allerdings eine Sicherheitskontrolle passieren. Wer eine schwache Blase hat, sollte vor der Kontrolle noch die Toilette aufsuchen. Der Mitarbeiter des National Park Service hat die Besichtigung professionell durchgeführt und sehr viel wissenswertes erzählt.

Das Gebäude wurde im Jahre 1741 als Pennsylvania State House in Philadelphia errichtet. Damals war Pennsylvania noch die dreizehnte britische Kolonie Nordamerikas. Erst im Jahr 1775 wurde dann aus dem ehemaligen Pennsylvania State House die Independence Hall. 

Die von Thomas Jefferson geschriebene Unabhängigkeitserklärung wurde 1776  hier vom zweiten Kontinentalkongress in der Hall unterzeichnet. 1787 wurde hier die Verfassung der Vereinigten Staaten vom Kongress ausgerufen.

Von 1753 bis 1876 befand sich noch die Liberty Bell im Glockenturm der Independence Hall, die als Zeichen der Unabhängigkeit seinerzeit geläutet wurde. Die Independence Hall ist auch ein Teil des Independence National Historical Parks. Eine Besichtigung ist absolut empfehlenswert.",2015-02-17 05:23:38,112,211.60779311955167
fEGi0wNNo0GYV4fLpENXuA,--2vR0DIsmQ6WfcSzKWigw,vEyfMDd1u00EwCRGbpz36A,4.0,"Ein weiterer Teil des Independence National Historical Park ist die Carpenters Hall, die sich in der Nähe der Altstadt befindet. 

Das zweistöckige Backsteingebäude wurde zwischen 1770 und 1774 im georgianischen Stil für die Zunft der Zimmerleute errichtet. Der in Schottland geborene Architekt Robert Smith hat hier die Rathäuser seiner Heimat und die Villen des Palladio aus Italien als Vorlage herangezogen.

1774 trat hier der erste Kontinentalkongress zusammen und während des Unabhängigkeitskrieges wurde es als Krankenhaus genutzt. Im Inneren des Gebäudes erwartet den Besucher eine kleine Ausstellung mit historischen Sammlungsstücken und zahlreichen Schautafeln. 

Seit dem 15. April 1970 wurde das Gebäude in das National Register of Historic Places  aufgenommen. Der Eintritt ist frei. Es ist außer montags von 10.00 - 16.00 Uhr geöffnet. Im Januar und Februar ist das Gebäude auch dienstags geschlossen. 

Eine schöne Sehenswürdigkeit, die man bei einem Rundgang durch den Independence National Historical Park sich nicht entgehen lassen sollte.",2015-02-18 05:14:09,110,211.60779311955167
m3QNG3Ni7--EsiFv3IS3dg,--2vR0DIsmQ6WfcSzKWigw,-3e3CP3FFc-rvJj_-_airw,4.0,"Da uns der erste Parkplatz in der Chinatown suspekt war, haben wir unser Auto am zweiten Tag am Anfang der Market Street abgestellt. Hier befanden wir uns nur unweit vom Delaware River und Penns Landing.

In Penns Landing landete 1682 der englische Quäker William Penn mit seinem Boot und hat zum ersten Mal amerikanischen Boden betreten. Er war der Gründer der Stadt Philadelphia. Heute ist Penns Landing Bestandteil von einem großen Gebiet, das sich von der Market St. zur Lombard St. erstreckt.

Der Bereich des alten Hafens ist in einen Uferpark umgestaltet worden und in der Stadt ein beliebtes Naherholungsziel. Auf der schön gestalteten Great Plaza finden jedes Jahr das Riverblues- und das Jambalaya Jam - Festival statt. Auf der Blue Cross River Rink befindet sich im Winter eine beliebte Schlittschuhbahn.

Ältere Holz-Segelschiffe liegen am Delaware River vor Anker, darunter die ""Gazela of Philadelphia"" als das ältestes Schiff. Es wird gleichzeitig als Museumsschiff genutzt. Es ist das letzte Schiff einer Kabeljau Angelflotte und war von 1883 bis 1969 in Betrieb.

In der Nähe befindet sich das ""Independence Seaport Museum"", das Marinemuseum der Stadt Philadelphia. Ein wirklich sehenswerter Teil der Stadt.",2015-02-19 05:08:44,105,211.60779311955167
VM1AviXJbP9xfrO0GEk91A,--2vR0DIsmQ6WfcSzKWigw,YiEBSn8VWhnj79igNkShQw,4.0,"Auf unserem Rundgang durch das historische Philadelphia sind wir auch auf die ""Second Bank of the United States"" gestoßen, die die First Bank damals abgelöst hat.

Die Bank wurde 1816 gegründet, um die Stabilisierung der amerikanischen Währung zu gewährleisten. Leider blieb sie hauptsächlich wegen der Vorwürfe über Korruption und Fälschungen im Gedächtnis der Öffentlichkeit. Als die Charta der Bank 1836 auslief, wurde sie eine ganz normale Bank, um dann fünf Jahre später Konkurs anmelden zu müssen.

Leider war die Second Bank bei unserem Besuch wegen Restaurierung geschlossen, so dass wir uns mit dem einzigartigen äußeren Erscheinungsbild des Gebäudes zufrieden geben mussten. Das Gebäude wird voraussichtlich im Mai 2015 wieder für die Öffentlichkeit zugänglich sein.

Das Gebäude beherbergt eine schöne Sammlung von über 100 Porträts der ""People of Independence"". Die Ausstellung bietet aber auch einen Einblick in das damalige Leben, das von Krankheit und Sklaverei geprägt war.

Die ""Second Bank of the United States"" ist in der Chestnut Street zwischen der 4. und 5. St. und wird vom National Park Service verwaltet. Der Eintritt ist frei und es gibt einen behindertengerechten Zugang.",2015-02-22 07:11:29,112,211.60779311955167
F9VuTMY0oJDAqLZfjowjLA,--2vR0DIsmQ6WfcSzKWigw,B5oLvDymksg4vKl8NH4qOA,4.0,"An der Waterfront in Santa Barbara hat man die Auswahl zwischen dem East Beach und dem West Beach, die durch Stearns Wharf getrennt werden. Santa Barbara wird vom West Beach durch den Cabrillo Boulevard getrennt und davor verläuft noch ein wunderbar angelegter Fußgänger- und Radweg. 

Der West Beach ist vergleichbar klein und wird durch den Hafen und Stearns Wharf begrenzt. Es gibt dort für die Sportbegeisterten ein Volleyballfeld und durch die teilweise Abschirmung zur offenen See ist das Meer durch die geringe Wellenbewegung auch sehr begehrt bei Kayakfahrern und anderen Wassersportlern.
 
Von der nicht weit entfernten Stearns Wharf hat man einen einzigartigen Blick auf den Strand, das Meer und die sehenswerte Umgebung. Hier kann man auch die ersten 90 Minuten frei parken, falls man ein freies Plätzchen erhaschen kann.

Der Strand machte auf uns einen sehr gepflegten und ordentlichen Eindruck und war nicht sonderlich überlaufen. Wie in den USA üblich sind hier Lifeguards am Strand, um für die Sicherheit der Badegäste zu sorgen. Wem der Strand zu langweilig wird kann auf dem Strandweg Skaten und Fahrrad fahren.

Allerdings sollte man sich gut eincremen und einen Hut tragen, da durch den kühlen Wind die intensive Sonneneinstrahlung nicht sofort bemerkt wird. Außerdem sollte man genügend Wasser bei sich haben. Ein wirklich schöner und abwechslungsreicher Strand.",2016-07-20 04:12:11,118,211.60779311955167
ag3VhQ7KWRxAcbACAmuAtg,--2vR0DIsmQ6WfcSzKWigw,3UhSCgqvl444e4j3l4HXyQ,5.0,"An der Waterfront in Santa Barbara hat man die Auswahl zwischen dem East Beach und dem West Beach, die durch Stearns Wharf getrennt werden. Da wir in der Nähe der Tourist Information einen preiswerten Parkplatz gefunden haben, sind wir zuerst am East Beach entlang gegangen.

Santa Barbara wird vom East Beach durch den Cabrillo Boulevard getrennt und davor verläuft noch ein wunderbar angelegter Fußgänger- und Radweg. Am Ende des Strandes kann man das Andree Clark Bird Refuge besichtigen oder das Volleyballfeld am Strand nutzen. 

Kurz danach gibt es einige Parkplätze direkt am Strand und das Cabrillo Pavilion Bathhouse, wo man sich nach dem Strandgang noch duschen könnte. Im weiteren Verlauf trifft man auf den Chase Palm Park, der auf der Landseite mit Brunnen, Bächen, einer Lagune, einem Karussell gestaltet ist. Ein sehenswerter Spielplatz ist nach einem Schiff aus dem 19. Jahrhundert entworfen wurde. Auf einer großen Rasenfläche finden häufig Konzerte im Sommer statt.

Kurz vor dem Erreichen des Pier hat man auf der rechten Seite den ""Chase Palm Park, Skater's Point"", wo man den Skateboardern bei ihren Kunststücken zuschauen kann. Auf Stearns Wharf hat man einen einzigartigen Blick auf den Strand, das Meer und die sehenswerte Umgebung. Hier kann man auch die ersten 90 Minuten frei parken, falls man ein freies Plätzchen erhaschen kann.

Der Strand machte auf uns einen sehr gepflegten und ordentlichen Eindruck und war nicht sonderlich überlaufen. Allerdings sollte man sich gut eincremen und einen Hut tragen, da durch den kühlen Wind die intensive Sonneneinstrahlung nicht sofort bemerkt wird. Außerdem sollte man genügend Wasser bei sich haben.

Ein wirklich schöner und abwechslungsreicher Strand.",2016-07-29 04:08:10,125,211.60779311955167
Mcy2dqqhZVd0p3oAeCRuOw,--2vR0DIsmQ6WfcSzKWigw,V2cQOeZwPBmjpln6_p1Ygw,4.0,"Auf unserem Weg von Los Angeles nach Carmel haben am Hafen von Santa Barbara noch einen Stopp eingelegt. Hier kann man das älteste noch erhaltene Pier der Westküste, Stearns Wharf, besichtigen.

Die Pier wurde nach dem Erbauer und ortsansässigen Holzfäller John P. Stearns benannt und war für Passagier- und Frachtschifffahrt gedacht. Im Jahre 1872 war es die längste Pier zwischen San Francisco und Los Angeles. In der Vergangenheit musste die Pier verschiedenste Katastrophen überstehen, wie das Erdbeben im Jahre 1925 und einige Brände.
 
Stearns Wharf erreicht man über die State Street, geparkt haben wir allerdings am Visitor Center an der Ecke Garden St und E Cabrillo Blvd, wo wir auch einen relativ günstigen Parkplatz gefunden haben. Später habe ich dann gesehen, dass man direkt auf dem Pier die ersten 90 Minuten frei parken kann. Parkplätze sind allerdings sehr begrenzt.

Wir hatten nach einem kleinen Spaziergang am Beach Way, vorbei an einem sehenswerten Skaterpark und der Dolphin Fountain dann den Übergang zum Pier erreicht. Von der Stearns Wharf hat man einen einzigartigen Blick auf den Strand, das Meer und die sehenswerte Umgebung. Am Ende trifft man auf viele Sportfischer, die dort ihrem Hobby nachgehen. 

Neben etlichen Souveniershops kann man hier auch im Moby Dick Restaurant, Santa Barbara Shellfish Company oder Harbor Restaurant essen gehen. Wir hatten uns lediglich bei Great Pacific Ice Cream Co. mit einem erfrischenden Eis versorgt und die Aussicht auf uns wirken lassen. Wir hatten später ja noch einen weiten Weg vor uns.

Die Stearns Wharf ist täglich von 07.00 Uhr bis Mitternacht geöffnet. An einigen Stellen sind nur Baumstämme als Begrenzung angebracht und keine vernünftige Geländer, daher sollte man einen guten Blick auf seine Kinder haben. Einen Besuch kann ich absolut empfehlen.",2016-08-04 04:08:01,134,211.60779311955167
dcAhAav3oyzkaDJ2E8fOJA,-8EnCioUmDygAbsYZmTeRQ,j11iE1PozOKiUxhH_fT-VQ,4.0,"First time visited Santa Barbara, hubby got a bid from a charity auction for this 125 yr old historical inn and breakfast, I have never stayed at some place like this. So it was very interesting and kind of an adventure for me. 

This country house is located across the street behind Upham hotel itself, among with other residencial houses. A lovely but very old house. It's a three floored OK sized house with living and dining, a few guestrooms and a penthouse suite on top floor. Back patio and front porch look very lovely with trees and flowers. They serve breakfast in back patio, refreshments throughout the day in dining room, they have white and red wines too. There was only one inn keeper, this lady does everything, she cooked very delicious breakfast, eggs and shrimp crepes were so good. We put our orders in late night, she would prepare it around 8:30 in the morning. 

Our penthouse suite was nice with a big balcony. Portable AC, but only fans in bathroom. I think the bath and shower were remodeled, they were kind of modern and practical. But the toilet was so old, they should change that really. Bed was very comfy, pillows were not so much. Mini refrigerator, microwave, tea and coffee, basic amenities and bathrobes. They basically have everything like usual hotel rooms. 

I think it was very cute to stay at a place like this, so different, very country like and lovely, not to mention so relaxing and romantic too. Downside was no room service or luggage assistance, the stairs to our penthouse floor was extremely steep, it was scary to go up and down! So NO sky high heels in the house! 

If you are looking for a romantic and relaxing weekend getaway, this is a place to try, it's completely feel like a home, the vibe is so chill and mellow. I think some ppl will definitely love it. For me it was a one time thing, I will only go back to stay at real hotels next time, I need my services!",2015-10-15 08:01:15,9,35.97235063568806
D6SffWgoKPPHpx-Kp78V4w,-8EnCioUmDygAbsYZmTeRQ,bSfDI69RkUrodsA1QwgnOg,3.0,"Dive bar like lounge with cheap drinks, it was Sunday gay night that we didn't know about. So hubby and I were both got hit on many times by same sex ppl. It was funny though.

We didn't check out the entire lounge, just had a few drinks at the bar. Drinks were strong and cheap, but we tipped our bartender very generously, she was surprised. 

An OK place for cheap drinks, friendly crowds, other than that, not too much fun.",2015-10-15 08:02:02,10,35.97235063568806
zTE9U6MhJlyeIl3RxrzM9g,-8EnCioUmDygAbsYZmTeRQ,YiSr-W5BBX6uXnhWPxk82Q,4.0,"Belgian beers and sausages! Doesn't sound like my place to go right? But they actually serve vegetarian hotdogs! And they have so many Belgian beers, I like Belgian pale ale, strong and tasty. They even have gluten free beer choices, my gluten intolerance is getting worse, that's why I rarely drink beer anymore.

Tried a light beer with Sierra mist, it was refreshing. My vegetarian Chipotle hotdog with spicy bell peppers and onions was very tasty and flavorful. But I got upset stomach later cause the hotdog had grains in it. I just couldn't find gluten and meat free hotdog on the menu. That's all they got. Oh well at least it was still delicious. Hubby loved his beef hotdog. 

We sat at the balcony on second floor, it was a cool place with views of the downtown Santa Barbara, very relaxing and chill place to grab beer and snack meal in the afternoon.",2015-10-15 08:03:22,9,35.97235063568806
hb7oQfWvvB-irEb4ajRWdg,-8EnCioUmDygAbsYZmTeRQ,QBNATcq7Stx9LxcSq16W7w,4.0,"Very lovely and cozy place next to a museum in downtown Santa Barbara. It is actually among many other wine tasting rooms in that little alley. This one is out in the front, very easy to spot.

There was this little cute dog in there, she is unbelievably adorable! It was amazing she doesn't run out at all, just stands at the front door and ppl watching, very well trained dog, so lovely!

Mostly they have red tastings, I can't drink red wines, so I just ordered a glass of white, hubby had two whites and two reds tasting. We sat at the sofa bench in the corner, so relaxing in a late afternoon. We enjoyed our wine tasting time so much, I picked a candle too, it smells so nice, I am loving it. 

A pleasant wine tasting experience, I especially loved how they made a tasting room look like a home, it makes ppl just want to spend so much time there to try different kind of wines. Too bad I am not a fan of wines, or I would have stayed longer and tried more wines. 

Ps. They wave the $15 tasting fee if you purchase 2 bottles of wines, or remember to check in on yelp for 5% off one single purchase!",2015-10-15 08:04:05,16,35.97235063568806
MZOi9TJQaFXwxs8ydE0_Mg,-8EnCioUmDygAbsYZmTeRQ,eL4lyE7LNoXEMvpcJ8WNVw,4.0,"This tasting room is all about views, especially sunset hour which was when we got there. Place is stylish, right by the ocean on the second floor deck, the views were so beautiful. 

We sat by the window first, then moved to the deck, enjoyed the sunset hour while having our tastings. I had white tasting, hubby had reserved wines tasting. To be honest, I can't taste the differences between any wines, wine is just wine to me, but since we were in Santa Barbara, at least we should try 2 wine tasting rooms right? 

Loved the views, I can't say about the wines cause they all tasted the same to me. But I would recommend come here for a date, very romantic oceanside, if you love wines, that's perfect then!

Ps. They have free valet parking at stern wharf.",2015-10-15 08:05:40,15,35.97235063568806
XRj3UvkSgywP6CR-Uvgz1A,-8EnCioUmDygAbsYZmTeRQ,G9rBwcWp56C8r6ZFwVuimA,4.0,"We were surprised at how beautiful the patio was and how delicious the food was! This restaurant is located in newly remodeled Belmond hotel, a perfect patio dining spot! I can only imagine the views at lunch / brunch or sunset hours! 

Late dinner for us, they gave us one of the best half booth table in the patio, very cozy, intimate and semi private. Had our usual lemon drop martinis and vesper martinis, hubby says they make the perfect Vesper martini, so strong and tasty! 

Dinner menu was quite clean and simple, there was a special menu too. Good seafood selections, ordering was easy for me! Many expensive reserved wines starting at $300 or so, glad I don't drink wines, phew. 

Bottle of sparkling water as usual, not interested in table bread with butter. Hubby liked it alright.

Starters:
Santa Barbara sea urchin with caviar: the famous Santa Barbara sea urchin was so fresh and sweet, loved the sea salt they put in there, caviar was fantastic, we just loved it!

Oysters on half shell: I liked it how they put sea salt in both appetizers, I love sea salt. Oysters were medium sized, not too meaty but very fresh.

Entrees:
Grilled whole market fish with brussel sprouts and carrots, came with olive oil: forgot to ask what kind of fish was that, it was so fresh and tender, the roasted vegetables were so good. 

Filet 8oz in rare plus: it came medium rare the first time, has to send it back, the second one was perfect, tender and juicy, hubby was happy.

Dessert:
Lemon and mandarin sorbets were so refreshing and light. 20 yr tawny was perfect as usual. They also have 30 & 40 yr tawny too. 

Service was very friendly and attentive, just slow paced and very relaxing. Food was very light, better put salt and pepper on it. 

I really enjoyed our slow and romantic patio dining. It was lovely, that's the idea to come to Santa Barbara for a weekend right? Romantic and relax, just what we were looking for!

Ps. They have a lounge at hotel lobby, serves drinks and lounge menu till late night.",2015-10-15 08:07:20,14,35.97235063568806
OTGWBigIlG7kesI0_hZ8nQ,-8EnCioUmDygAbsYZmTeRQ,MX2YGruhd0sMNHZGK7p5-Q,5.0,"A very beautiful on site restaurant at four seasons hotel, sat in the patio with lovely views of ocean, it was a perfect spot for lunch!

Classic Italian menu, extensive items even for lunch. Had a goose vodka Bloody Mary, for $17, a little pricey but a very strong drink, one of the best Bloody Mary I have ever tasted! The mimosa I tried later was very tasty and strong too. 

Table bread with tomato spread was so good, loved the bread, only had a little and it was delicious! 

Mahi Mahi wrap with jalapeño salsa, guacamole and assorted olives. Very fresh fish with flavorful veggie stuffings, olives were tasty, loved the salsa and guacamole. A perfectly balanced lunch entree.

Hubby had sausage pizza, he loved the flavorful and comforting sausages in it, I peeled off the sausages and had a small slice, flavors were so rich and yummy. One of the best pizzas we have ever had! Too bad I can't have too much white flour. But a little bit is delicious enough for me.

Friendly service, amazing views, relaxing vibe, a great spot to have lunch or brunch! Goose vodka Bloody Mary is a MUST try!",2015-10-15 08:08:51,11,35.97235063568806
rkHuyn6Su1sVZybapsFi7w,-8EnCioUmDygAbsYZmTeRQ,Xh0qPuyGJkb7zqmOJNI5pQ,4.0,"We had free passes from our hotel package, turned out it was free on a Sunday anyways. A good sized museum, not too big or small, they are undergoing a 4 year remodeling, some halls were closed. 

The entrance is quite interesting, it's like a Roman home, atrium to be exactly, a beautiful fountain with benches and statues around it, that's where Romans entertain guests in ancient times. A gentleman gave us and a few museum visitors a tour. A very educational tour, but a little too long for me, ADD was acting up so I had trouble concentrating in the end, and felt like fainting cause I had to force myself to concentrate, it was annoying. But I learned a lot about the arts of this museum, I liked it a lot. They have a few Monet paintings, those are some of my favorites I think. 

Definitely pay a visit here in downtown Santa Barbara, also tons of shops and restaurants nearby to check out after museum visit. 

Ps. Parking structure or valet parking nearby.",2015-10-15 08:46:29,18,35.97235063568806
RbLfkMYk1rvmrkx71RcmjA,-8EnCioUmDygAbsYZmTeRQ,UjOq8dBVNv9weHrVDqm3kQ,5.0,"This hotel is awesome! Definitely one of the best locations, right across the street from the beach, walking distance to Stearns Wharf and downtown. We booked three rooms, one facing the ocean, one upstairs facing courtyard, another one was right next to the pool and jacuzzi. 

I really liked this Spanish style hotel, small and cozy, very relaxing and laid back, daily wine tasting from 4-6pm. Our ocean corner King was more spacious, bed and pillows were comfy, bath was big enough with nice amenities, personal safe, wet bar and fully stocked mini fridge. Very functional hotel at the most convenient location! 

It took them longer to check us in cause the rooms weren't ready until late afternoon, but they managed to give us late check out at 3 in the afternoon, that was professional to make it up for us! 

I'd stay here again just for the beach front location, lots of activities around, they provide free bike rentals, just wish we had more time to enjoy everything!",2016-09-07 21:21:44,11,35.97235063568806
QMi4bFH4W4f5Tl3d3r0_dw,-8EnCioUmDygAbsYZmTeRQ,2yHl6wl1iFa_Jo_SZcmSuw,4.0,"Beautiful ground and church near the mountains, it was a mass Sunday so we didn't get to visit the church. The ground itself isn't that big, but a good place to take photos, the ancient washing basin was a very interesting thing to see.

Since we didn't get to visit the actual church, there wasn't much to see except a very small exhibition room of this church. A small gift shop to get souvenirs, and we always get something at gift shops. 

I recommend come here when the church is open to public, it's worth more of the drive and time.",2016-09-07 21:27:28,12,35.97235063568806
OkjrajgKugoUMR_epCdhag,-8EnCioUmDygAbsYZmTeRQ,hPzPpfSjgQkpWCD7YjcY-A,4.0,"Hubby ordered a cake a few days ago, red velvet vegan gluten free cake for our birthday, it cost a lot more than regular cakes. I personally loved the taste of the cake, but not the rest of my family. They thought it was too sweet, the texture of the cake was weird cause it was gluten free, sister didn't like the almond oil taste. But they all loved how pretty the cake was! 

They have a few cakes that's available at the store everyday, you can always go get one of those. As for some other cakes, place an order at least two days in advance, they deliver or you can pick it up at the store.

Ps. This place is in downtown Santa Barbara, there are street parkings and a few parking lots nearby.",2016-09-07 22:00:29,9,35.97235063568806
ztcU-eIYq54YcRdjI-MQag,-8EnCioUmDygAbsYZmTeRQ,tthy48ZIX_wfY8Dy0Dvg6w,5.0,"A little drama coming here for our birthday dinner, our reservation was canceled after I called to confirm in the afternoon, said something went wrong on open table. But they finally managed to squeeze us in anyways, handled it very professionally, great job! 

A small French restaurant, the seatings were really cramped, but our corner booth was kind of private. Brought our own Moet champagne, they waved cork and cake cutting fee as the nice gesture to make it up for messing up the reservation. Well technically it wasn't entirely their fault. Menu was simple and neat, very easy to order. A few bottles of Badoit sparking water to sip on while deciding on what to eat. 

For starters we shared special tomato salad, French onion bread bowl soup, two orders of crab cakes and Pan seared foie gras. Crab cakes were one of the best, we all loved it. Tomato salad was very fresh and tasty. Only hubby loved that savory foie gras, it melted in his mouth right away, so soft and buttery. Chef made us something like crostini with goat cheese and fruit on it, they were very yummy. 

For entrees we had ribeye in medium rare and rare plus, Mary's chicken with risotto, sea bass with shrimps and yellowfin tuna in rare. Ribeye was cooked to perfection, especially hubby's rare plus, the sauce was bomb. My tuna was so fresh and light, loved the olives in it. Sister loved her chicken, just the risotto was a bit salty. Parents didn't like the sea bass too much, said it was a bit hard and bland. I had a few bites, I liked it for some reason. 

Food portions were pretty big for French food, prices were fair. The service was over the top, our server was very friendly and attentive. We had our own birthday cake as dessert to end the pleasant birthday dinner. 

Everything was PERFECT, we enjoyed this family dining experience so much!",2016-09-07 22:07:36,12,35.97235063568806
HEIBdS6zP1QXjrJ2j7snqQ,-8EnCioUmDygAbsYZmTeRQ,8MoqZqlNN9AXzG91_Hpc_Q,5.0,"If you want a low key pub to have strong drinks, this is the place to go. The front bar and restaurant is very relaxing and much quieter than other bars around here. We had a few drinks, a Grey Goose lemon drop martini was only $10!!! I have never seen any martini that's cost only $10 anywhere in LA! You'd think one of the richest places in America would charge a lot for a cocktail, but they don't, why is that, not that I am complaining, I love it! 

The other side of the restaurant is a bar and lounge, it's actually quite spacious, they have live band performing sometime so I have heard. We had a few drinks there too, then everything became blurry, drinks were too strong! They serve food till 1am, so if you want late night bar food you can come here too!",2016-09-14 02:48:18,6,35.97235063568806
FXm-ZijFMMUpsO1LXPDx5g,-8EnCioUmDygAbsYZmTeRQ,V2cQOeZwPBmjpln6_p1Ygw,4.0,"It was our second time visiting Stearns wharf, last time we stayed at a boutique hotel which is very close by. This is a smaller pier compare to the major ones in LA. And we could just park our cars alongside the pier which was different too. 

There are some restaurants and shops but we never tried anything except Deep Sea tasting room. The views are gorgeous especially the weather is mostly sunny and nice in Santa Barbara. There isn't much to do at this wharf except walk around and take some photos. But it's still nice to stop by since Santa Barbara isn't big so you always have time to check everything out!",2020-10-08 00:42:43,15,35.97235063568806
4lqWylo-qNwOw4skjraYTQ,-8EnCioUmDygAbsYZmTeRQ,mwsA08gpaEALG3C1ZI4ktw,4.0,"We stopped by while walking around downtown Santa Barbara. This little tasting room is located in historical El Paseo plaza. All waitresses were in cute vintage costumes which was fun to look at. 

Place was quite empty for a Saturday afternoon, in fact I'v never seen downtown Santa Barbara this quiet. I think COVID has taken a toll on all of us. We chose reserved tasting cause they usually taste better in my opinion. Although I am never a fan of wines especially reds.

We liked our wines and it was a nice warm afternoon. Wine tasting is always a very enjoyable activity anywhere!",2020-10-08 00:49:58,19,35.97235063568806
pXZE-7M2KDpq54XUqLQcPw,-8EnCioUmDygAbsYZmTeRQ,uBvHmZ7BMT8JW5kxgimPWg,5.0,"What a cute little winery in the heart of all wineries and restaurants. It's only 2 blocks away from Stearns wharf so it's convenient to walk to the pier and beach. 

We came in a little before noon, the place was already so packed. The wine barrel seating in the corner was so cute and comfy. We went for two tastings, hubby had mostly reds and I had all whites. I haven't eaten anything so I didn't want to do any reds. The wines were very refreshing and tasty in healthy portions for $15 each. 

We had a very pleasant time at this beautiful winery. The service was extremely friendly and attentive. This winery has to be my favorite so far, we will stop by every time we come to Santa Barbara!",2020-10-08 00:53:11,19,35.97235063568806
Rk9xX7ESlSTDTq240SnylQ,-8EnCioUmDygAbsYZmTeRQ,nYPzsOjvida-ne7swSPHpA,5.0,"This is the best Mexican lunch we have ever had in a very long time. We got on Yelp wait list while doing wine tasting nearby. Turned out we didn't even have to wait. All the tables were on sidewalks with umbrellas so there was enough shades to my relief. 

I started off with a very pretty and the most delicious Mezcal cocktail. For $13 each craft cocktail it was inexpensive and amazing! The house Mezcal shot I had at the end of the meal was yummy too. For food we had queso fundido which was definitely the best I have ever had. I have made this Mexican cheese dip my go to appetizer at any Mexican restaurants anywhere. Chips and salsa was so fresh and delicious. We especially liked the red salsa so hubby asked for more of it to go with his tacos. I had octopus ceviche and hubby had two steak tacos as entrees. I'v come to really like raw octopus for some reason. This ceviche was so refreshing with tender pieces of octopus. Hubby liked his steak tacos a lot too. 

The service was very friendly and attentive. And I realized this is hotel Indigo, wish we could have stayed there. We have stopped staying at hotels ever since COVID. For one thing that I don't know how to disinfect an entire hotel room. And we don't like to breath recycled indoor air for long period of time. 

This was a very pleasant Mexican meal on a beautiful Saturday. We wouldn't mind coming back every time we are in Santa Barbara!",2020-10-08 00:56:55,20,35.97235063568806
29j_7dvnOQ-HnrOJNJ0sJA,-9I98YbNQnLdAmcYfb324Q,m4xrhESFLaA7PiddXeg2aw,3.0,"On Easter, we drove up to Santa Barbara to eat and relax. It was such a nice day and perfect for some outdoor dining.

Enter: Pierre Lafond. A charming French bistro ocated on the busy and popular State Street, AKA  drunk street for UCSB students.

We waited for 5 minutes before being seated on the patio. I noticed that service was pretty damn slow. I'm not sure why, but based on other people's reviews, that seems to be normal here.

We order 2 bellinis, lobster putanesca for me and salmon club sandwich for him. 

Bellinis were standard, but hit the spot. I mean, gave me tingles in my head. 

Lobster putanesca was good, except for the lobster itself. Booo. It was too hard an chewy. I did like the angel hair pasta and the sauce though. 

S had to send his sandwich back because the bacon was not cooked fully. He likes bacon crispy and not fatty like it came. Can't blame him!

We had another bellini each to finish off the meal! 

Overall, I'd come back. But, I would order something different, along with a mimosa next time. 

Side note: An artist was sitting behind me and sketched a caricature of us. It was a cute touch to lunch, although he just got my back,  but it still looks like me! Didn't really look like S' face though. Oh wells. It was Easter, so we bought it off him for $10.

pix- http://pandaliciousforme.blogspot.com",2009-04-17 17:18:49,14,33.930878995433794
_wfu8NlCcg892A3sF-7dYg,-9I98YbNQnLdAmcYfb324Q,L9QTAucz_in5f-ufCrvb1Q,4.0,"I had a great time at this place, drinking my ass off. 

Well, I didn't actually drink THAT much. I had 3 or 4 mimosas and a white wine. For me that's pretty average. 

The owner, Derek, was really cool and even gave us free cheese and wine samples. He came by to check on us several times, made small talk and was overall a fun, chill guy. 

We ordered a cheese and bread plate to accompany our wine. I'm an alkie! Nothing beats a nice afternoon with good wine, good company, live music from the guy on guitar, and a chill cafe in Santa Barbara.

Next time I come back, I'll have to try the froyo. Was too full from mimosas this time. 

pix- http://pandaliciousforme.blogspot.com",2009-04-29 21:33:49,7,33.930878995433794
-R2V9tYjDlu5lYYI-bhbaw,-9I98YbNQnLdAmcYfb324Q,z-9_8ot2TnKL9DX4k3MYMQ,3.0,"If you are hungry, look no further than Palazzio. This Italian restaurant on State Street beckons customers in with a sign that says ""you will not leave here hungry"" and boy were they right!

We were beyond stuffed and we both had half orders of pasta. AND, there was at least half of the pasta left on both plates.

Our server was polite, friendly and got the job done. He even offered my friend extra garlic rolls to ""take for the road"". Of  course he said no, since we had already devoured 3 rolls each.

Garlic rolls were very good, albeit too oily. I had to leave half of my 3rd roll cuz it was dripping in oil. But, they are freshly baked every 20 minutes and very addicting. 

I had the spaghetti with meatballs and it was seriously ginormous. Way to saucy for my taste, but my friend liked it a lot. I thought the meatballs were okay, nothing special. I've made better meatballs at home. But then again, I add veal, lamb and sirloin to mine. Anyways.

DC had the fettucine with shrimp, artichoke and sun-dried tomato. I liked his dish better than mine, minus the cream. Not a fan of cream. But, at least his fettucine wasn't over-sauced. 

Overall, this is an okay Italian restaurant if you are super hungry and not looking for anything fancy. It's all down home cooking and large portions here.

Another cool feature is the house wines by the glass. $5  a pop and it's on the honor system. You serve yourself, and just mark how many you've had on the paper tablecloth. Pretty cool indeed.

Photos- http://www.epicureancutie.com",2009-07-14 05:24:58,10,33.930878995433794
W6u7g9q-IU-AtIYkDBY3UQ,-9I98YbNQnLdAmcYfb324Q,m4xrhESFLaA7PiddXeg2aw,2.0,"During a weekend trip up to Pismo Beach, we stopped in Santa Barbara for a quick lunch. I was craving pasta as usual, and wanted to eat the Lobster Putanesca I enjoyed at Pierre Lafond last time. Unfortunately, it was no longer on the menu.

I opted for the Shrimp Pappardelle with roasted mushrooms, asparagus and shellfish cream. I really had high hopes for this dish, but it came swimming in sauce. You could have called it shrimp stew and it would have been more fitting. As far as asparagus goes, I found about 5 small cut up pieces in there. The rest was pasta, shrimp, tomatoes and some mushrooms. What a waste at $21. 

My dining companion had the Mushroom Sacchetti Pasta with roasted mushrooms, sun dried tomatoes, and asparagus in a light Chardonnay sauce and it was pretty much 80% sun dried tomatoes. The pasta was very dense and cheesy, and the sauce was anything but light. There should have been more than 5 small pieces of asparagus to balance out the forest of sun dried tomatoes. $18 for this, I think not.

As far as service goes, it was mehhhh at best. We were greeted by the host after waiting for a few minutes at the front. The waiter seemed inexperienced and in a rush to hurry us out. Why? The restaurant wasn't even that busy! One such instance that perturbed me was when he came up to ask me if I was done eating, while I was in MID BITE! Ummm, hello? Does it LOOK like I'm done? Geeez. 

This brings me to another thing I've noticed lately about restaurants  trying to rush you out. Please don't do that. It makes me feel unimportant and that you just care about your next guests. Also, it discourages me from wanting to return or recommend you to others. 

In conclusion, skip Pierre Lafond. There are several better dining options on State Street.

PIX- http://pandaliciousforme.blogspot.com/2010/03/pierre-lafond-bistro.html",2010-03-20 18:09:09,9,33.930878995433794
3sSMeVBP8QLNjdDObEUN3w,-9I98YbNQnLdAmcYfb324Q,OZi0fOn8-ISUwhEAWC_8Gg,3.0,"We were hankering for ramen and had bookmarked this place on Yelp before heading out to Nashville. 

It's a bit difficult to find, as it's in a plaza area and the addresses aren't obvious. Walk towards the back of the plaza and it's on your left hand side with an outside patio. 

The hostess wasn't too happy when she greeted us, but that's cool. Perhaps she was tired. 

We were starving after a long day and immediately started ordering. Everything looked so good, but not everything was delicious. 

Yellowtail and jalapeno sashimi: fish tasted a bit too fishy and chewy. Pass.

Salmon sushi: delish and very good quality. 

Yellowtail sushi: my friend said this was much better than the yellowtail sashimi

Wagyu shortrib yakitori: best dish of the night! The beef was perfectly cooked and not chewy at all. 

Chicken ramen: meh, this was just okay. Too salty for me and I wasn't fond of the thicker noodles. The soft boiled egg was a redeeming factor. 

Pork ramen: my friend ordered this and I only had a taste of the broth. It was so much better than the chicken!! It also came with the thinner noodles that I would have preferred. 

Service was pretty good, as we got served by three different waiters. I was a bit disappointed when we tried to order another round of the beef skewers because the kitchen closed at 10 pm on the dot. Wish they had given us some kind of notice. 

I would recommend this place if you're in the area. Get the pork ramen, beef skewers and sushi! Good eclectic mix of Japanese food.",2015-05-30 15:02:46,17,33.930878995433794
GKmfQZeaNGoh3OQnhXo0kQ,-9da1xk7zgnnfO1uTVYGkA,IWHdx0NhDKADkGOgXgOFKQ,5.0,"ALOHA! While working in New Jersey last summer, a friend of mine told me to stop at by the Reading Terminal Market in Philly, & have a sandwich at Di Nic's! I had the Oven Roasted Beef Sandwich with sweet peppers, broccoli rabe, & provolone cheese..........This sandwich was off da chain! 10+ STARS!!!! When I bit into it........all these favors EXPLODED in my mouth!!! REALLY REALLY GOOD!!!! :) Never tasted anything like this back in the 808! Worth while to come back when I'm in Philadelphia again..................",2012-08-07 02:08:07,0,33.18199266144814
RSq3cm26c2BAcBJLJuEs5A,-9da1xk7zgnnfO1uTVYGkA,aa0xi7fgFJyA4qWux6vz0A,4.0,"What can I say..........since bruddah Obama was from da 808, this local bruddah had to come here too, & try a hoagie too. If it was good enough for Obama, then it's good enough for me! Lol!

Tried it...........liked it, but I think I still liked DiNic's way better! 

All I can say is - Carmen's cheesesteak sandwiches was way better than - Pat's or Geno's in Philly!

What made Carmen's Italian Hoagies stand out more than Pat's, or Geno's. is that Carmen's grilled their meats fresh off the grill, and they sauteed their meats with a sauce, which made it more flavorful, and juicy!",2012-08-19 11:05:34,4,33.18199266144814
hy27H2LOaiBBqqIgfSPiWA,-9da1xk7zgnnfO1uTVYGkA,IkY2ticzHEn4QFn8hQLSWg,3.0,"When I was working in Philly a few years ago, I made it a point to get my fill of Philly cheesesteak sandwiches...................so I made a list of places to hit up on, and they were -

1. Tommy DiNic's
2, Geno's Steaks
3. Pat's King of Steaks
4. Carmen's Famous Italian Hoagie

Located in south Philly...........finding Geno's wasn't too hard for me, but finding parking to get to Geno's was the biggest challenge! There is no private parking for this place, so you have to roll the dice & hopefully find some metered street parking. Lucky for me, I was able to find some street parking that wasn't too far, so I was able to hit up both Geno's & Pat's at the same time, as both rival business are just across from each other.

When you walk up to the ordering counter, make sure you're ready to order your cheesesteak as they like to keep the line moving.............there is only outside seating, as this place is like a grab & go kinda place.

Upon ordering, I ended up getting my cheesesteak sandwich with American cheeese & onions. Just a tip gang............don't do the American cheese, get the Wiz instead.......as that's the real way of eating a cheesesteak sandwich! I also noticed Geno's cuts their meat in whole slices, vs. Pat's that cuts up their meat in small little pieces.

What can I say about my sandwich? The bun was good, but the meat was rather on the dry and chewy side...........I was thinking to myself - ""what is all the hype about this place?"" Granted, I am not a Philly cheesesteak connoisseur...........but I know what I like as far as taste, and Geno's was just okay for me. 

I know Geno's has been around for a long time (founded in 1966 by Joey Vento), so I'm sure they have their loyal fans. 
Still worth it to make the trip out here, because if you don't try it.......you'll never know right?",2016-07-12 11:49:59,11,33.18199266144814
mVrRena0iBz_WM5ir7l4YA,-9da1xk7zgnnfO1uTVYGkA,PP3BBaVxZLcJU54uP_wL6Q,3.0,"I came to Pat's right after I left Geno's..........after all, it was just a hop, skip, & jump away from each other.............and being that this Hawaii boy made it all the way to Philly for work, by George, I had to have me my Philly cheesesteak sandwiches!!!

Pat's has been around even longer than Geno's, as Pat's King of Steaks was founded in 1930 by Pat Olivieri. He originally sold hot-dogs from a hot-dog stand, but one day decided to make a steak sandwich which caught the eye of one of his loyal customers who was a cabbie............after that, the steak sandwich was born!

Pat's has a similar set up like Geno's.........you go to the ordering counter, & order your sandwich. Please note the ordering sign, as they have instructions on how to order your sandwich to keep the line moving. 
Upon getting your sandwich, there are a few outdoor tables & seats, as this place is basically a grab & go kinda place too.

Upon ordering my sandwich, I got my cheesesteak with onions and American cheese. Just a tip gang.........don't do American cheese..........get the ""Whiz"" instead, as that's the true way to eat a cheesesteak sandwich. 
I guess I'm not a fan of cheese whiz, and that is why I did the American cheese..........but the American cheese didn't really go too good in the sandwich..............so get da Whiz! No can go wrong!

I liked the fact that Pat's cuts up their meats for their sandwiches...........as the meat tasted less chewy than Geno's, but overall..........it was just okay for me as I've had better at other places.

Loved the history about this place, as Pat's King of Steaks is well know in Philly.",2016-07-12 12:15:34,11,33.18199266144814
7EONdTj1HmYH6SXxIW0ZIw,-9da1xk7zgnnfO1uTVYGkA,GXaIBN_ALMoF7qYDsw416A,5.0,"My love for Muscle Cars started when I was a little kid............I remembered when I was on the mainland visiting relatives during the summers, one of my older cousins had a purple colored Plymouth Road Runner. If my cousin still had this car today...........do you know what this car is worth in today's dollars????? Probably a pretty nice sum of money!

Anyways, I thought that Road Runner was the coolest looking car, as I saw this little ""Road Runner"" logo at the tail of the car. 
My cousin also had a cool Duster back in the 1970's, and I thought that was a pretty cool ride too............I guess my cousin loved his Mopar cars.

As for me, my love for American Muscle started in the 80's, and to be exact...........Mustangs were my thing. I've dabbled in Camaros too............but between both cars, I think I have to favor the running horse.

Which lead me to this place called - ""American Muscle""..........

Sometimes when looking for parts to customize one's ride, if you happen to drive a popular model............finding an abundance of aftermarket parts is pretty easy to find.

I try to look at various places (on-line) to find the most economical prices for parts, and just so happen American Muscle was the place where I was able to find this fuel door I was looking for. 
I had researched other ""on-line"" sites, but just so happened when I looked at the American Muscle site, they had a sale on this part (fuel door) which was dirt cheap!!! I talkin' about redonka's cheap!!!

Usually this fuel door runs about $130.00..........but you wanna know what I paid for this part????? Are you ready???? 

Yes, I paid $39.99 + $3.99 for shipping within the Continental U.S.. 

Can we say DEALAGES YO!!!!! I'm gonna say it again...............DEALAGES YO!!!!!

Okay, now wait????? I said shipping within the Continental U.S., so how does that play into it for Hawaii????

Well, shipping to Hawaii is ridiculous!!! I talkin' about shipping that is just as much as what I would pay for, as far as the part I purchased. 
So to get around it................I shipped the part to my friends house in California (because I was in California two weeks ago, then picked the part up when I went to his house).

Sometimes you just gotta think outta da box to get dat deal!!!

Just an FYI.............if you purchase anything from American Muscle that is more that $49.99, all shipping is free if you live within the Continental U.S., too bad they don't give deals for the peeps in da 808, otherwise I would have purchased even more stuff from American Muscle.

Sometime I feel like.............because I live in da 808, we really get the royal screw with shipping charges............but I really can't complain, as I firmly believe I live in one of the most beautiful states!",2017-09-28 07:37:56,11,33.18199266144814
WY2oJ6S9a--w1eq9TX7ISg,-9da1xk7zgnnfO1uTVYGkA,fDZjJvs3sikPHqRs_4HPTg,5.0,"Call me a geek, but I get a kick out of looking at how money is made..........after all, the company I work for is in the business of handling money!

I was lucky enough to have visited (2) Mints, the first mint I ever went to was in Washington D.C. (back in 1995), as one of my childhood friends hooked me up with a tour, as that time he was living in D.C. and working for the late senator Daniel Akaka. 

In 2011, my old boss (he's retired now) sent me up to the east coast for work, and I found myself working in New Jersey, & Philadelphia during the summer...........a fun & great experience, and that is how I ended up visiting the United States Mint in Philly............
Honestly, I knew there was a mint in Philadelphia, but I wasn't planning on actually visiting this place, but over the weekend while exploring the beautiful city of Philadelphia, I just so happen to run into this place, so I said to myself - ""why not? I'm here already!"".

Of course since I am in the business of money, you know very well that I had to check out this place! 
No reservations were needed, as I just walked into the joint. 
The entire tour is self guided...........and no, you cannot just walk around freely where they make the actual money folks...........otherwise folks will be trying to stuff their pockets full of money! Lol! 

The tour of the mint itself is in an elevated glass enclosed gallery area, and as you walk, you look down, and you can see the things going on with the process of making money. 
Don't worry folks, there are signs along the tour, and the signs will explain what's going on in the various areas of the building.

While you take the tour, there was a ""walkman"" like type of thing, where you could wear on your head while taking the tour, as the device gives you a ""voice tour"" while you walk along the tour............ i'm not sure if there was a charge for the device, but when I took the tour I elected to not to wear this, as the last thing I need is to catch some ookus (head lice) on my head! Lol!

The self guided tours are Monday through Friday, 9:00 AM to 4:30 PM, there is no admission fee (Dealages Yo! Free Baby!!!) 
For Weekends, please call at (215) 408-0114 to see availability. 
Like I said before, I came here on a weekend (Saturday)............so I guess I just lucked out when I just so happen to run into this place while visiting the city.

Also, I just wanted to let you folks know.............once you go inside of the Mint (to take the tour), they DO NOT ALLOW PHOTOS! 
I swear when I went to the Mint in Washington D.C. back in 1995, I thought they allowed photos, but my memory may be fading.......if it was allowed back then, it was before  9/11, and by the time I saw the Mint in Philadelphia,  it was way after 9/11. Posible ""no photo"" rule due to security???

On the brochure I picked up from the Philadelphia Mint, let me share with you a little about the Mint Story -

George Washington was president and Philadelphia was the nation's capital. It was April 2, 1792, and an act of Congress provided for a national coinage and the establishment of the U.S. Mint.
The first Mint was erected at 7th and Arch Streets. As the young nation grew, larger Mint buildings were needed. The present Mint, which opened on August 14, 1969 is the fourth in Philadelphia. 
The Philadelphia Mint is part of a nationwide Treasury agency. From headquarter in Washington D.C., the Director oversees the Mints in Philadelphia, Denver, San Francisco, West Point, and the Bullion Depository at Fort Knox.

They said that the huge machines at the Mint can work 24 hours of the day, 5 days a week making coins. 

There is a process of making a coin, they are -

1. Blanking
2. Annealing, Washing and Drying
3. Riddling
4. Upsetting
5. Striking
6. Inspecting
And last of all..............
7. Counting and Bagging of the coins.

 A pretty cool place to visit, and I would say a ""must see"" if you're ever in Philadelphia! 

Check 'em out gang! No can go wrong!",2018-10-06 02:23:14,21,33.18199266144814
